Title,Year,ISSN,DOI,Link,Telecom Category,Conceptualization,,,,,Data Handling,,,Model Development / Evaluation,,,,,,,,,Model Deployment,Publication,,,,Score
,,,,,,Presents the task to solve,Presents the state-of-the-art approaches,Describes the available data,Describes the model inputs/ outputs,Describes the model,Presents data preprocessing,Presents data division,Presents data distribution,Presents hyperparameter tuning,Uses the correct metrics for evaluation,Describes the experiments performed,Describes the testing environment,Describes the used hyperparameters,Uses real-world datasets,Uses open datasets,Uses multiple datasets,Compares with state-of-the-art models,Critically analyzes production applicability,Publishes the used dataset,Publishes the trained model,Publishes the code,Publish the seeds used,
Intent-based AI system in packet-optical networks towards 6G [Invited],2024,19430620,10.1364/JOCN.514890,https://www.scopus.com/inward/record.uri?eid=2-s2.0-85190094875&doi=10.1364%2fJOCN.514890&partnerID=40&md5=b8bc8fabbc0b611171ba8c28c1ffadcd,Resource and Traffic Management,Yes,Yes,No,Yes,Yes,No,No,No,No,Partial,Yes,Partial,No,No,No,No,Yes,No,No,No,No,No,
Explainable and Robust Artificial Intelligence for Trustworthy Resource Management in 6G Networks,2024,1636804,10.1109/MCOM.001.2300172,https://www.scopus.com/inward/record.uri?eid=2-s2.0-85176335424&doi=10.1109%2fMCOM.001.2300172&partnerID=40&md5=29973ff8740959fee16f804eacf1dc42,Resource and Traffic Management,Yes,No,No,Yes,No,No,Yes,No,No,Yes,Yes,Partial,No,No,Yes,No,No,No,No,No,No,No,
Blockchain-Based Secure 5G/6G Communication for Internet of Things Devices in Consumer Electronic Systems,2024,983063,10.1109/TCE.2024.3454299,https://www.scopus.com/inward/record.uri?eid=2-s2.0-85205144737&doi=10.1109%2fTCE.2024.3454299&partnerID=40&md5=3bb805fb4081e0ba817650a6a7fede50,Security and Privacy,Yes,No,No,No,Yes,No,No,No,No,No,Yes,Partial,No,No,No,No,Yes,No,No,No,No,No,
How to Allocate Resources in Cloud-Native Networks Towards 6G,2024,8908044,10.1109/MNET002.2300017,https://www.scopus.com/inward/record.uri?eid=2-s2.0-85159848247&doi=10.1109%2fMNET002.2300017&partnerID=40&md5=e0c3ae5732936065d370f2380dcb43aa,Resource and Traffic Management,Yes,Yes,No,Partial,Yes,No,No,No,No,Yes,Yes,Partial,Partial,No,No,No,No,Partial,No,No,No,No,
Dynamic Activation Digital Predistortion of RF Power Amplifiers for 6G Dynamic Spectrum Aggregation Applications,2024,189480,10.1109/TMTT.2023.3318732,https://www.scopus.com/inward/record.uri?eid=2-s2.0-85174844840&doi=10.1109%2fTMTT.2023.3318732&partnerID=40&md5=1b919dbb4504b87536824ea12280ae57,Channel and Physical Layer,Yes,Yes,No,Yes,Yes,No,Yes,No,No,Yes,Yes,Yes,Partial,No,No,Yes,Yes,Yes,No,No,No,No,
Task Offloading Optimization in Digital Twin Assisted MEC-Enabled Air-Ground IIoT 6G Networks,2024,189545,10.1109/TVT.2024.3420876,https://www.scopus.com/inward/record.uri?eid=2-s2.0-85197510892&doi=10.1109%2fTVT.2024.3420876&partnerID=40&md5=deec145919d89f1040ec8bdac2950ade,Computing and Edge,Yes,Yes,Partial,Yes,Yes,No,Yes,No,No,Yes,Yes,Yes,Yes,No,No,No,No,No,No,No,No,No,
RL-Based Adaptive UAV Swarm Formation and Clustering for Secure 6G Wireless Communications in Dynamic Dense Environments,2024,21693536,10.1109/ACCESS.2024.3455250,https://www.scopus.com/inward/record.uri?eid=2-s2.0-85203558481&doi=10.1109%2fACCESS.2024.3455250&partnerID=40&md5=f311e6cc5384cc280283e8536b62eee6,Security and Privacy,Yes,Yes,No,Yes,Yes,No,No,No,No,Yes,Yes,Yes,Yes,No,No,No,No,No,No,No,No,No,
Intent-Driven Closed-Loop Control and Management Framework for 6G Open RAN,2024,23274662,10.1109/JIOT.2023.3312795,https://www.scopus.com/inward/record.uri?eid=2-s2.0-85171592629&doi=10.1109%2fJIOT.2023.3312795&partnerID=40&md5=6e6bc2e476892da6bf4f0301929a3aa9,Network Slicing and Management,Yes,Yes,No,Yes,Yes,No,No,No,No,Yes,Yes,Yes,Partial,No,No,No,No,No,No,No,No,No,
Multiagent Deep Deterministic Policy Gradient-Based Computation Offloading and Resource Allocation for ISAC-Aided 6G V2X Networks,2024,23274662,10.1109/JIOT.2024.3432728,https://www.scopus.com/inward/record.uri?eid=2-s2.0-85199513630&doi=10.1109%2fJIOT.2024.3432728&partnerID=40&md5=2fae06adc4749179622ed4195cee9ccb,Computing and Edge,Yes,Yes,No,Yes,Yes,No,No,No,Yes,Yes,Yes,Yes,Partial,No,No,No,Yes,No,No,No,No,No,
DRL-Based Resource Allocation and Trajectory Planning for NOMA-Enabled Multi-UAV Collaborative Caching 6G Network,2024,189545,10.1109/TVT.2024.3357086,https://www.scopus.com/inward/record.uri?eid=2-s2.0-85183993740&doi=10.1109%2fTVT.2024.3357086&partnerID=40&md5=6c251da7aaa8ef9556f28f7b953bac95,Resource and Traffic Management,Yes,Yes,Partial,Yes,Yes,No,No,No,No,Yes,Yes,Yes,Yes,No,No,No,Yes,No,No,No,No,No,
Edge Computation Offloading With Content Caching in 6G-Enabled IoV,2024,15249050,10.1109/TITS.2023.3239599,https://www.scopus.com/inward/record.uri?eid=2-s2.0-85148445603&doi=10.1109%2fTITS.2023.3239599&partnerID=40&md5=8cb11521086cf83e2d6c3decf427203b,Computing and Edge,Yes,Yes,No,Yes,Yes,No,Yes,No,No,Yes,Yes,Partial,Partial,Yes,Yes,No,No,No,No,No,No,No,
Real-Time Bayesian Neural Networks for 6G Cooperative Positioning and Tracking,2024,7338716,10.1109/JSAC.2024.3413950,https://www.scopus.com/inward/record.uri?eid=2-s2.0-85202193372&doi=10.1109%2fJSAC.2024.3413950&partnerID=40&md5=9764fcd569ddcb179094f0b256cdc90d,User Mobility and Positioning,Yes,Yes,No,Yes,Yes,Yes,Yes,Partial,Yes,Yes,Yes,Yes,Yes,No,No,No,Yes,Partial,No,No,No,No,
Network-Aided Intelligent Traffic Steering in 6G O-RAN: A Multi-Layer Optimization Framework,2024,7338716,10.1109/JSAC.2023.3336183,https://www.scopus.com/inward/record.uri?eid=2-s2.0-85179063499&doi=10.1109%2fJSAC.2023.3336183&partnerID=40&md5=03ddce5c7e2ea5f69fa348df724df896,Resource and Traffic Management,Yes,Yes,No,Yes,Partial,No,No,No,No,Yes,Yes,Partial,Partial,No,No,No,No,Partial,No,No,No,No,
Intelligible Protocol Learning for Resource Allocation in 6G O-RAN Slicing,2024,15361284,10.1109/MWC.015.2300552,https://www.scopus.com/inward/record.uri?eid=2-s2.0-85204314315&doi=10.1109%2fMWC.015.2300552&partnerID=40&md5=56c5d58f81f89287926043add3eb6cba,Network Slicing and Management,Yes,Yes,No,Yes,Yes,No,No,Partial,No,Yes,Yes,Yes,Yes,No,No,No,No,Partial,No,No,No,No,
AI-Driven Integration of Sensing and Communication in the 6G Era,2024,8908044,10.1109/MNET.2023.3326064,https://www.scopus.com/inward/record.uri?eid=2-s2.0-85176340079&doi=10.1109%2fMNET.2023.3326064&partnerID=40&md5=f7780ba9cd08de136d72621acc6cfa28,Channel and Physical Layer,Yes,Yes,No,Yes,Yes,No,No,No,No,Yes,Yes,Partial,Partial,No,No,No,Yes,Partial,No,No,No,No,
Efficient Dynamic Distributed Resource Slicing in 6G Multi-Access Edge Computing Networks With Online ADMM and Message Passing Graph Neural Networks,2024,15361233,10.1109/TMC.2023.3262514,https://www.scopus.com/inward/record.uri?eid=2-s2.0-85151489034&doi=10.1109%2fTMC.2023.3262514&partnerID=40&md5=d0887c290fad85edd09950a4beff25ee,Network Slicing and Management,Yes,Yes,No,Yes,Yes,No,No,No,No,Yes,Yes,Partial,No,No,No,No,Yes,Partial,No,No,No,No,
Dynamic Neural Network-Based Resource Management for Mobile Edge Computing in 6G Networks,2024,23327731,10.1109/TCCN.2023.3346824,https://www.scopus.com/inward/record.uri?eid=2-s2.0-85181554394&doi=10.1109%2fTCCN.2023.3346824&partnerID=40&md5=5507039175841c7f86a1c3cb4fff6042,Computing and Edge,Yes,Yes,No,Yes,Yes,No,No,No,No,Yes,Yes,Partial,Partial,No,No,No,No,Partial,No,No,No,No,
"Intelligent Network Slicing for B5G and 6G: Resource Allocation, Service Provisioning, and Security",2024,15361284,10.1109/MWC.021.2200589,https://www.scopus.com/inward/record.uri?eid=2-s2.0-85196671509&doi=10.1109%2fMWC.021.2200589&partnerID=40&md5=f6641d6fe53dde33942fa2f04416e8db,Network Slicing and Management,Yes,Yes,Partial,Yes,Yes,No,No,No,No,Yes,Yes,Partial,Partial,No,No,No,Yes,No,No,No,No,No,
An Intelligent Scheme for Energy-Efficient Uplink Resource Allocation with QoS Constraints in 6G Networks,2024,19324537,10.1109/TNSM.2024.3482549,https://ieeexplore.ieee.org/document/10720852,Resource and Traffic Management,Yes,Yes,Partial,Yes,Yes,No,No,No,No,Yes,Yes,Partial,Yes,No,No,No,Yes,No,No,No,No,No,
FeDRL-D2D: Federated Deep Reinforcement Learning-Empowered Resource Allocation Scheme for Energy Efficiency Maximization in D2D-Assisted 6G Networks,2024,21693536,10.1109/ACCESS.2024.3434619,https://www.scopus.com/inward/record.uri?eid=2-s2.0-85200204076&doi=10.1109%2fACCESS.2024.3434619&partnerID=40&md5=21a6ae9394dda2406ddd4d04d825e14c,Resource and Traffic Management,Yes,Yes,Partial,Yes,Yes,No,No,No,No,Yes,Yes,Yes,Yes,No,No,No,Yes,No,No,No,No,No,
Hybrid optimization for efficient 6G IoT traffic management and multi-routing strategy,2024,20452322,10.1038/s41598-024-81709-z,https://www.scopus.com/inward/record.uri?eid=2-s2.0-85213509382&doi=10.1038%2fs41598-024-81709-z&partnerID=40&md5=859b9bcf72dda30ad76c96981248813b,Resource and Traffic Management,Yes,Yes,Partial,Yes,Yes,No,No,No,No,Yes,Yes,Yes,Partial,No,No,No,No,No,No,No,No,No,
Deep Reinforcement Learning for Integrated Sensing and Communication in RIS-Assisted 6G V2X System,2024,23274662,10.1109/JIOT.2024.3449969,https://www.scopus.com/inward/record.uri?eid=2-s2.0-85202760261&doi=10.1109%2fJIOT.2024.3449969&partnerID=40&md5=113415d48459ff912b7e2419cca6cce7,User Mobility and Positioning,Yes,Yes,No,Yes,Yes,No,No,No,Partial,Yes,Yes,Partial,Partial,No,No,No,Yes,Partial,No,No,No,No,
Deep Reinforcement Learning-Based Computation Offloading for Mobile Edge Computing in 6G,2024,983063,10.1109/TCE.2024.3436824,https://www.scopus.com/inward/record.uri?eid=2-s2.0-85200239722&doi=10.1109%2fTCE.2024.3436824&partnerID=40&md5=5cade9336e2a32a260298bfb122b94ff,Computing and Edge,Yes,Yes,Partial,Yes,Yes,No,No,No,No,Yes,Yes,Partial,Partial,No,No,No,No,No,No,No,No,No,
Satellite-Based ITS Data Offloading & Computation in 6G Networks: A Cooperative Multi-Agent Proximal Policy Optimization DRL With Attention Approach,2024,15361233,10.1109/TMC.2023.3300314,https://www.scopus.com/inward/record.uri?eid=2-s2.0-85166772430&doi=10.1109%2fTMC.2023.3300314&partnerID=40&md5=fbf59323130c4d3eacda5ba7ef837df7,Computing and Edge,Yes,Yes,No,Yes,Yes,No,No,No,No,Yes,Yes,Partial,Yes,No,No,No,Yes,Partial,No,No,No,No,
A Multi-Level Deep RL-Based Network Slicing and Resource Management for O-RAN-Based 6G Cell-Free Networks,2024,189545,10.1109/TVT.2024.3415656,https://www.scopus.com/inward/record.uri?eid=2-s2.0-85196501905&doi=10.1109%2fTVT.2024.3415656&partnerID=40&md5=aa8a04256872f2e928be12861cc28558,Network Slicing and Management,Yes,Yes,No,Yes,Yes,No,No,No,No,Yes,Yes,Partial,Partial,No,No,No,No,Partial,No,No,No,No,
Deep-Learning-Based Resource Allocation for 6G NOMA-Assisted Backscatter Communications,2024,23274662,10.1109/JIOT.2024.3424728,https://www.scopus.com/inward/record.uri?eid=2-s2.0-85197522790&doi=10.1109%2fJIOT.2024.3424728&partnerID=40&md5=10d48dd67bb00d4ecd7653c9076234a0,Resource and Traffic Management,Yes,Yes,Partial,Yes,Yes,No,No,No,No,Yes,Yes,Partial,Partial,No,No,No,Yes,Partial,No,No,No,No,
Knowledge-Collaboration-Based Resource Allocation in 6G IoT: A Graph Attention RL Approach,2024,23274662,10.1109/JIOT.2024.3416054,https://www.scopus.com/inward/record.uri?eid=2-s2.0-85196555022&doi=10.1109%2fJIOT.2024.3416054&partnerID=40&md5=63042177d7d6725c6d7bf3538edc0802,Resource and Traffic Management,Yes,Yes,Partial,Yes,Yes,No,No,No,Partial,Yes,Yes,Yes,Partial,No,Yes,Yes,Yes,Yes,No,No,No,No,
Intelligent Hierarchical NOMA-Based Network Slicing in Cell-Free RAN for 6G Systems,2024,15361276,10.1109/TWC.2023.3321717,https://www.scopus.com/inward/record.uri?eid=2-s2.0-85174836348&doi=10.1109%2fTWC.2023.3321717&partnerID=40&md5=0a275c2505252698a0708868c99d2efd,Network Slicing and Management,Yes,Yes,No,Yes,Yes,No,No,No,No,Yes,Yes,Partial,Yes,No,No,No,Yes,Partial,No,No,No,No,
Blockchain-Empowered Multi-Domain Resource Trading in TN-NTN 6G Networks: A Hierarchical Multi-Agent DRL Approach,2024,983063,10.1109/TCE.2024.3512581,https://www.scopus.com/inward/record.uri?eid=2-s2.0-85212054283&doi=10.1109%2fTCE.2024.3512581&partnerID=40&md5=e116aeeb8725b206d9487ea0ae8b4b72,Network Slicing and Management,Yes,Yes,No,Yes,Yes,No,No,No,No,Yes,Yes,Yes,Partial,No,No,No,Yes,No,No,No,No,No,
Energy Maximization for Wireless Powered Communication Enabled IoT Devices With NOMA Underlaying Solar Powered UAV Using Federated Reinforcement Learning for 6G Networks,2024,983063,10.1109/TCE.2024.3357125,https://www.scopus.com/inward/record.uri?eid=2-s2.0-85183943073&doi=10.1109%2fTCE.2024.3357125&partnerID=40&md5=6c5bdd39bca256918b0389432168839e,Energy Efficiency,Yes,Yes,No,Yes,Yes,No,No,No,No,Yes,Yes,Partial,Yes,No,No,No,Yes,Partial,No,No,No,No,
Federated Deep Reinforcement Learning-Based Intelligent Surface Configuration in 6G Secure Airport Networks,2024,15249050,10.1109/TITS.2024.3463189,https://www.scopus.com/inward/record.uri?eid=2-s2.0-85207629819&doi=10.1109%2fTITS.2024.3463189&partnerID=40&md5=66b3ab2f36b2874773d03cd841fc49f6,Security and Privacy,Yes,Yes,No,Yes,Yes,No,No,No,Yes,Yes,Yes,Yes,Yes,No,No,No,Yes,No,No,No,No,No,
Toward Massive Distribution of Intelligence for 6G Network Management Using Double Deep Q-Networks,2024,19324537,10.1109/TNSM.2023.3333875,https://www.scopus.com/inward/record.uri?eid=2-s2.0-85178012137&doi=10.1109%2fTNSM.2023.3333875&partnerID=40&md5=c88fc638d92d191e83d935f585b69206,Network Slicing and Management,Yes,Yes,No,Yes,Yes,No,No,No,Yes,Yes,Yes,Yes,Yes,No,No,No,Yes,No,No,No,No,No,
On Combining XAI and LLMs for Trustworthy Zero-Touch Network and Service Management in 6G,2024,1636804,10.1109/MCOM.002.2400276,https://ieeexplore.ieee.org/document/10742571,Network Slicing and Management,Yes,Yes,No,Yes,Yes,Partial,Yes,No,No,Yes,Yes,Yes,Partial,Yes,Yes,No,Yes,Yes,No,No,No,No,
Optimization for 6G Wireless Communications with Heterogeneous VR and Non-VR 360-Degree Videos: A Differentiated Reinforcement Learning Approach,2024,15361276,10.1109/TWC.2024.3409669,https://www.scopus.com/inward/record.uri?eid=2-s2.0-85197646340&doi=10.1109%2fTWC.2024.3409669&partnerID=40&md5=0d81774e9841ccc44f4f0956923b746a,Resource and Traffic Management,Yes,Yes,Partial,Yes,Yes,No,No,No,No,Yes,Yes,Yes,No,No,No,No,Yes,Partial,No,No,No,Yes,
Parallel Attention-Based Transformer for Channel Estimation in RIS-Aided 6G Wireless Communications,2024,189545,10.1109/TVT.2024.3425433,https://www.scopus.com/inward/record.uri?eid=2-s2.0-85198298099&doi=10.1109%2fTVT.2024.3425433&partnerID=40&md5=11f0099aa22c1f293301140330720d81,Channel and Physical Layer,Yes,Yes,Partial,Yes,Yes,No,Yes,No,Partial,Yes,Yes,Yes,Partial,No,No,No,Yes,Partial,No,No,No,No,
AI-Assisted E2E Network Slicing for Integrated Sensing and Communication in 6G Networks,2024,23274662,10.1109/JIOT.2023.3326761,https://www.scopus.com/inward/record.uri?eid=2-s2.0-85176288170&doi=10.1109%2fJIOT.2023.3326761&partnerID=40&md5=1380153932ecc66ca7cd0414ab031b86,Network Slicing and Management,Yes,Yes,No,Yes,Yes,No,No,No,No,Yes,Yes,Partial,Yes,No,No,No,No,No,No,No,No,No,
Optimizing data transmission in 6G software defined networks using deep reinforcement learning for next generation of virtual environments,2024,20452322,10.1038/s41598-024-75575-y,https://www.scopus.com/inward/record.uri?eid=2-s2.0-85207986991&doi=10.1038%2fs41598-024-75575-y&partnerID=40&md5=7f2e25353d7422628c74528b01f4c672,Resource and Traffic Management,Yes,Yes,No,Yes,Yes,No,No,No,No,Yes,Yes,Partial,No,No,No,No,Yes,Partial,No,No,No,No,
"Deep Learning Based Energy, Spectrum, and SINR-Margin Tradeoff Enabled Resource Allocation Strategies for 6G",2024,21693536,10.1109/ACCESS.2024.3404473,https://www.scopus.com/inward/record.uri?eid=2-s2.0-85194104059&doi=10.1109%2fACCESS.2024.3404473&partnerID=40&md5=5e938bf295098404840b0d1d5fb01c8a,Resource and Traffic Management,Yes,Yes,No,Yes,Yes,No,Yes,No,No,Yes,Yes,Yes,Partial,No,No,No,No,No,No,No,No,No,
Federated Deep Reinforcement Learning for Open RAN Slicing in 6G Networks,2023,1636804,10.1109/MCOM.007.2200555,https://www.scopus.com/inward/record.uri?eid=2-s2.0-85146237437&doi=10.1109%2fMCOM.007.2200555&partnerID=40&md5=b1aea8c1374ac2e38e66bc106e297205,Network Slicing and Management,Yes,Yes,No,Yes,Yes,No,No,No,No,Yes,Yes,Yes,Partial,No,No,No,No,No,No,No,No,No,
Machine Learning-Based Channel Quality Prediction in 6G Mobile Networks,2023,1636804,10.1109/MCOM.001.2200305,https://www.scopus.com/inward/record.uri?eid=2-s2.0-85166732755&doi=10.1109%2fMCOM.001.2200305&partnerID=40&md5=3dd4eaafb79c674eaca36558f170161b,Channel and Physical Layer,Yes,Yes,No,Yes,Yes,No,No,No,No,Yes,Partial,No,Partial,No,No,No,No,No,No,No,No,No,
Deep Reciprocity Calibration for TDD mmWave Massive MIMO Systems Toward 6G,2024,15361276,10.1109/TWC.2024.3400616,https://www.scopus.com/inward/record.uri?eid=2-s2.0-85194045265&doi=10.1109%2fTWC.2024.3400616&partnerID=40&md5=0ad794ccd2c3b59b6abd573846ca3d61,Channel and Physical Layer,Yes,Yes,No,Yes,Yes,Yes,Yes,No,No,Yes,Yes,Partial,Partial,No,No,No,Yes,Partial,No,No,No,No,
Multiagent Reinforcement Learning-Based Cooperative Multitype Task Offloading Strategy for Internet of Vehicles in B5G/6G Network,2023,23274662,10.1109/JIOT.2023.3245721,https://www.scopus.com/inward/record.uri?eid=2-s2.0-85149387253&doi=10.1109%2fJIOT.2023.3245721&partnerID=40&md5=78c47391cac7c6ed5fd8ef540436b9ef,Computing and Edge,Yes,Yes,Partial,Yes,Yes,No,No,No,Partial,Yes,Yes,Yes,Yes,No,No,No,Yes,Partial,No,No,No,No,
A GAN-GRU Based Space-Time Predictive Channel Model for 6G Wireless Communications,2024,189545,10.1109/TVT.2024.3367386,https://www.scopus.com/inward/record.uri?eid=2-s2.0-85187349882&doi=10.1109%2fTVT.2024.3367386&partnerID=40&md5=5d44a264d2c9f9f385a5bbf37a121c9a,Channel and Physical Layer,Yes,Yes,Yes,Yes,Yes,Yes,Yes,No,Partial,Yes,Yes,Yes,Yes,Yes,No,No,Yes,Partial,No,No,No,No,
CAIN: An energy-aware and intelligent increasing coverage area routing protocol for future 6G networks,2023,13891286,10.1016/j.comnet.2023.109733,https://www.scopus.com/inward/record.uri?eid=2-s2.0-85152101735&doi=10.1016%2fj.comnet.2023.109733&partnerID=40&md5=dcbda24800889aeca764f8dd46d894b6,Resource and Traffic Management,Yes,Yes,No,Yes,Yes,No,No,No,No,Yes,Yes,Partial,Partial,No,No,No,Yes,Partial,No,No,No,No,
On the Specialization of FDRL Agents for Scalable and Distributed 6G RAN Slicing Orchestration,2023,189545,10.1109/TVT.2022.3218158,https://www.scopus.com/inward/record.uri?eid=2-s2.0-85141636939&doi=10.1109%2fTVT.2022.3218158&partnerID=40&md5=435c2aa5324b97244c5b26aaced9bcc9,Network Slicing and Management,Yes,Yes,No,Yes,Yes,No,No,No,No,Yes,Yes,Yes,Yes,No,No,No,No,Yes,No,No,No,No,
Accelerating Reinforcement Learning via Predictive Policy Transfer in 6G RAN Slicing,2023,19324537,10.1109/TNSM.2023.3258692,https://www.scopus.com/inward/record.uri?eid=2-s2.0-85164223042&doi=10.1109%2fTNSM.2023.3258692&partnerID=40&md5=9c7517b120ae48c91549b928c8dddb5a,Network Slicing and Management,Yes,Yes,No,Yes,Yes,No,No,No,Partial,Yes,Yes,Yes,Yes,No,No,No,No,Partial,No,No,Yes,No,
D-RAN: A DRL-Based Demand-Driven Elastic User-Centric RAN Optimization for 6G & Beyond,2023,23327731,10.1109/TCCN.2022.3217785,https://www.scopus.com/inward/record.uri?eid=2-s2.0-85141470077&doi=10.1109%2fTCCN.2022.3217785&partnerID=40&md5=1326b0a165ba5d7748c4f7e66b0e2e1b,Resource and Traffic Management,Yes,Yes,No,Yes,Yes,No,No,No,No,Yes,Yes,Partial,Yes,No,No,No,No,No,No,No,No,No,
Beyond Complexity Limits: Machine Learning for Sidelink-Assisted mmWave Multicasting in 6G,2024,189316,10.1109/TBC.2024.3382959,https://www.scopus.com/inward/record.uri?eid=2-s2.0-85192207528&doi=10.1109%2fTBC.2024.3382959&partnerID=40&md5=1d79220c88c5137d9a519dcde838bf28,Channel and Physical Layer,Yes,Yes,No,Yes,Yes,No,No,No,No,Yes,Yes,Yes,Partial,No,No,No,No,Yes,No,No,No,No,
Multimodal semantic communication accelerated bidirectional caching for 6G MEC,2023,0167739X,10.1016/j.future.2022.10.036,https://www.scopus.com/inward/record.uri?eid=2-s2.0-85141754834&doi=10.1016%2fj.future.2022.10.036&partnerID=40&md5=c50d91b88546158c69e84c934d5bb7c4,Computing and Edge,Yes,Yes,Partial,Yes,Yes,Partial,No,No,No,Yes,Yes,Partial,Partial,No,No,No,No,No,No,No,No,No,
An Efficient 6G Federated Learning-enabled Energy-Efficient Scheme for UAV Deployment,2024,189545,10.1109/TVT.2024.3390226,https://www.scopus.com/inward/record.uri?eid=2-s2.0-85190716111&doi=10.1109%2fTVT.2024.3390226&partnerID=40&md5=1809de1e1c330f970268b79ed811835d,Energy Efficiency,Yes,Yes,No,Yes,Yes,No,No,No,No,Yes,Yes,Partial,Partial,No,No,No,No,No,No,No,No,No,
SliceOps: Explainable MLOps for Streamlined Automation-Native 6G Networks,2024,15361284,10.1109/MWC.007.2300144,https://www.scopus.com/inward/record.uri?eid=2-s2.0-85188739082&doi=10.1109%2fMWC.007.2300144&partnerID=40&md5=f37dba19c6fb85d55bba26581fdf5ec8,Network Slicing and Management,Yes,Yes,No,Yes,Yes,No,No,No,No,Yes,Yes,Partial,No,No,No,No,No,Yes,No,No,No,No,
Federated Reinforcement Learning-Based Resource Allocation in D2D-Enabled 6G,2023,8908044,10.1109/MNET.122.2200102,https://www.scopus.com/inward/record.uri?eid=2-s2.0-85137907608&doi=10.1109%2fMNET.122.2200102&partnerID=40&md5=e177aa7aff2736fcf5a7cd197ab62173,Resource and Traffic Management,Yes,Partial,No,No,Yes,No,No,No,No,Yes,Yes,Partial,No,No,No,No,No,No,No,No,No,No,
Multi-Agent Reinforcement Learning for Dynamic Resource Management in 6G in-X Subnetworks,2023,15361276,10.1109/TWC.2022.3207918,https://www.scopus.com/inward/record.uri?eid=2-s2.0-85139502837&doi=10.1109%2fTWC.2022.3207918&partnerID=40&md5=e9f567ae55316c9e5e0f2f150928db14,Resource and Traffic Management,Yes,Yes,No,Yes,Yes,No,No,No,No,Yes,Yes,Yes,Yes,No,No,No,Yes,No,No,No,No,No,
Efficient resource management in 6G communication networks using hybrid quantum deep learning model,2023,457906,10.1016/j.compeleceng.2022.108565,https://www.scopus.com/inward/record.uri?eid=2-s2.0-85145781455&doi=10.1016%2fj.compeleceng.2022.108565&partnerID=40&md5=f65cdd827b6993a3d1f59490c91f7fca,Resource and Traffic Management,Yes,Yes,No,Partial,Partial,No,No,No,No,Yes,Yes,Partial,Partial,No,Yes,No,No,No,No,No,No,No,
Empowering Traffic Steering in 6G Open RAN With Deep Reinforcement Learning,2024,15361276,10.1109/TWC.2024.3396273,https://www.scopus.com/inward/record.uri?eid=2-s2.0-85192753399&doi=10.1109%2fTWC.2024.3396273&partnerID=40&md5=b1d60ef0f772918f4cc735dc0626b926,Network Slicing and Management,Yes,Yes,No,Yes,Yes,No,No,No,No,Yes,Yes,Yes,Yes,No,No,No,No,No,No,No,No,No,
Federated Reinforcement Learning-Based Resource Allocation for D2D-Aided Digital Twin Edge Networks in 6G Industrial IoT,2023,15513203,10.1109/TII.2022.3227655,https://www.scopus.com/inward/record.uri?eid=2-s2.0-85144780262&doi=10.1109%2fTII.2022.3227655&partnerID=40&md5=aaf8e5216c6cc8d25d732e4581b3b574,Computing and Edge,Yes,Yes,No,Partial,Yes,No,No,No,No,Yes,Yes,Partial,Partial,No,No,No,No,No,No,No,No,No,
Machine Learning-Aided Real-Time Optimized Multibeam for 6G Integrated Satellite-Terrestrial Networks: Global Coverage for Mobile Services,2023,8908044,10.1109/MNET.003.2200275,https://www.scopus.com/inward/record.uri?eid=2-s2.0-85172417068&doi=10.1109%2fMNET.003.2200275&partnerID=40&md5=102af315a525ed9042a372988bf3a1b4,Channel and Physical Layer,Yes,No,No,No,No,No,No,No,No,Yes,Yes,Partial,No,No,No,No,No,No,No,No,No,No,
Resource Allocation Based on Radio Intelligence Controller for Open RAN Toward 6G,2023,21693536,10.1109/ACCESS.2023.3311888,https://www.scopus.com/inward/record.uri?eid=2-s2.0-85171526174&doi=10.1109%2fACCESS.2023.3311888&partnerID=40&md5=1cb3166cebab495cd287446f21c5bcb8,Network Slicing and Management,Yes,Yes,No,Yes,Yes,No,No,No,No,Yes,Yes,Yes,Partial,No,No,No,No,No,No,No,No,No,
Load-Balanced Virtual Network Embedding Based on Deep Reinforcement Learning for 6G Regional Satellite Networks,2023,189545,10.1109/TVT.2023.3279625,https://www.scopus.com/inward/record.uri?eid=2-s2.0-85161072798&doi=10.1109%2fTVT.2023.3279625&partnerID=40&md5=e2dbeaf724221095a2c22cbbbe5cb83c,Resource and Traffic Management,Yes,Yes,No,Yes,Yes,Yes,No,No,No,Yes,Yes,Partial,Partial,No,No,No,Yes,No,No,No,No,No,
6G+ Networks Through Enhanced Efficiency and Sustainability with MADDPG-Driven Network Slicing in SoS Environments,2024,24732400,10.1109/TGCN.2024.3404500,https://www.scopus.com/inward/record.uri?eid=2-s2.0-85194036066&doi=10.1109%2fTGCN.2024.3404500&partnerID=40&md5=23bfc7ee94edc0c7e36c00198f4f4a59,Network Slicing and Management,Yes,No,No,Yes,Yes,No,No,No,No,Yes,Yes,No,No,No,No,No,No,Partial,No,No,No,No,
Creation of 6G Communication System for VANETs via a Neuro-Fuzzy Forwarder Selection Scheme,2024,19391374,10.1109/TSC.2023.3331730,https://www.scopus.com/inward/record.uri?eid=2-s2.0-85177059441&doi=10.1109%2fTSC.2023.3331730&partnerID=40&md5=b131668e0ecc5db07e74b46e6aef49ca,User Mobility and Positioning,Yes,Yes,No,Yes,Yes,Yes,No,No,NA,Yes,Yes,Partial,No,No,No,No,No,No,No,No,No,No,
"AI-Enabled Deployment Automation for 6G Space-Air-Ground Integrated Networks: Challenges, Design, and Outlook",2024,8908044,10.1109/MNET.2024.3368753,https://www.scopus.com/inward/record.uri?eid=2-s2.0-85186110646&doi=10.1109%2fMNET.2024.3368753&partnerID=40&md5=3162b0ca8d93cebf269f17c2f5c60bfb,Network Slicing and Management,Yes,Yes,No,No,Yes,No,No,No,No,Yes,Yes,No,No,No,No,No,No,Partial,No,No,No,No,
Federated Deep Reinforcement Learning for Prediction-Based Network Slice Mobility in 6G Mobile Networks,2024,15361233,10.1109/TMC.2024.3404125,https://www.scopus.com/inward/record.uri?eid=2-s2.0-85194069193&doi=10.1109%2fTMC.2024.3404125&partnerID=40&md5=a34fd14eeee0f6aaf9f8ec3fe869c2ea,Network Slicing and Management,Yes,Yes,No,Yes,Yes,No,No,No,Yes,Yes,Yes,Yes,Yes,No,No,No,No,No,No,No,No,No,
Multi-Dimensional Resource Orchestration Toward Edge Intelligence in 6G Networks,2023,1636804,10.1109/MCOM.005.2200905,https://www.scopus.com/inward/record.uri?eid=2-s2.0-85168270449&doi=10.1109%2fMCOM.005.2200905&partnerID=40&md5=678b764f9bdb7c0d7141acafc2eeb296,Computing and Edge,Yes,Yes,No,Partial,Partial,No,No,No,No,Yes,Yes,Partial,No,No,No,No,Yes,Partial,No,No,No,No,
Network Slicing with Centralized and Distributed Reinforcement Learning for Combined Satellite/Ground Networks in a 6G Environment,2022,15361284,10.1109/MWC.001.2100287,https://www.scopus.com/inward/record.uri?eid=2-s2.0-85128551116&doi=10.1109%2fMWC.001.2100287&partnerID=40&md5=ca9bb29c43d93740ca5804774bd4a996,Network Slicing and Management,Yes,No,No,No,Yes,No,No,No,No,Yes,Yes,Partial,No,No,No,No,No,No,No,No,No,No,
Customized Slicing for 6G: Enforcing Artificial Intelligence on Resource Management,2021,8908044,10.1109/MNET.011.2000644,https://www.scopus.com/inward/record.uri?eid=2-s2.0-85103262310&doi=10.1109%2fMNET.011.2000644&partnerID=40&md5=694e01f0cd4601ab475250f90bacca4e,Network Slicing and Management,Yes,Partial,No,Partial,Yes,No,No,No,No,Yes,Yes,No,No,No,No,No,No,No,No,No,No,No,
Deep-Learning-Based Intelligent Intervehicle Distance Control for 6G-Enabled Cooperative Autonomous Driving,2021,23274662,10.1109/JIOT.2020.3048050,https://www.scopus.com/inward/record.uri?eid=2-s2.0-85099102064&doi=10.1109%2fJIOT.2020.3048050&partnerID=40&md5=8d713b5474ae674537b5b0cb36e8d951,User Mobility and Positioning,Yes,Yes,No,Yes,Partial,No,Yes,No,No,Yes,Yes,Yes,No,No,No,No,Yes,No,No,No,No,No,
Deep Reinforcement Learning-Based Power Allocation for Rate-Splitting Multiple Access in 6G LEO Satellite Communication System,2022,21622337,10.1109/LWC.2022.3196408,https://www.scopus.com/inward/record.uri?eid=2-s2.0-85135750720&doi=10.1109%2fLWC.2022.3196408&partnerID=40&md5=88fa04fbae61d96fe649b4a4fd66e0c7,Resource and Traffic Management,Yes,Yes,No,Yes,Yes,No,No,No,Partial,Yes,Yes,Partial,Yes,No,No,No,Yes,Partial,No,No,No,No,
SliceBlock: Context-Aware Authentication Handover and Secure Network Slicing Using DAG-Blockchain in Edge-Assisted SDN/NFV-6G Environment,2022,23274662,10.1109/JIOT.2022.3161838,https://www.scopus.com/inward/record.uri?eid=2-s2.0-85134157246&doi=10.1109%2fJIOT.2022.3161838&partnerID=40&md5=60ac1df59ddd7fb8668bd60a27d787eb,Security and Privacy,Yes,Yes,No,Partial,Yes,No,No,No,No,Yes,Yes,Partial,Partial,No,No,No,Yes,Partial,No,No,No,No,
Intelligent Content Caching Strategy in Autonomous Driving Toward 6G,2022,15249050,10.1109/TITS.2021.3114199,https://www.scopus.com/inward/record.uri?eid=2-s2.0-85118651447&doi=10.1109%2fTITS.2021.3114199&partnerID=40&md5=b7272ebb82afd93f2593d7e759f1386d,Computing and Edge,Yes,Yes,No,Yes,Yes,No,No,No,No,Yes,Yes,No,Partial,No,No,No,No,No,No,No,Yes,No,
Efficient and reliable hybrid deep learning-enabled model for congestion control in 5G/6G networks,2022,1403664,10.1016/j.comcom.2021.11.001,https://www.scopus.com/inward/record.uri?eid=2-s2.0-85119096411&doi=10.1016%2fj.comcom.2021.11.001&partnerID=40&md5=9e2a4fd04567f917a483b45978a24539,Resource and Traffic Management,Yes,Yes,No,Partial,Yes,No,Yes,No,No,Partial,Yes,No,No,No,Yes,No,No,No,NA,No,No,No,
Deep Reinforcement Learning-Based Adaptive Handover Mechanism for VLC in a Hybrid 6G Network Architecture,2021,21693536,10.1109/ACCESS.2021.3089521,https://www.scopus.com/inward/record.uri?eid=2-s2.0-85117545110&doi=10.1109%2fACCESS.2021.3089521&partnerID=40&md5=c3865abaa67af1b69725d2c0d1457142,User Mobility and Positioning,Yes,Yes,No,Partial,Yes,No,No,No,No,Yes,Yes,No,Partial,No,No,No,Yes,No,No,No,No,No,
Neural architecture search for robust networks in 6g-enabled massive iot domain,2021,23274662,10.1109/JIOT.2020.3040281,https://www.scopus.com/inward/record.uri?eid=2-s2.0-85097134583&doi=10.1109%2fJIOT.2020.3040281&partnerID=40&md5=c235bee8f18ca37edaed963fc47419ec,Security and Privacy,Yes,Yes,Partial,Yes,Yes,No,Yes,No,No,Yes,Yes,No,Partial,Yes,Yes,No,No,No,No,No,No,No,
Federated Imitation Learning: A Cross-Domain Knowledge Sharing Framework for Traffic Scheduling in 6G Ubiquitous IoT,2021,8908044,10.1109/MNET.011.2100134,https://www.scopus.com/inward/record.uri?eid=2-s2.0-85119428361&doi=10.1109%2fMNET.011.2100134&partnerID=40&md5=62b3d0799847470bf279f6313992998a,Resource and Traffic Management,Yes,Yes,No,Yes,Yes,No,Yes,No,No,Yes,Yes,Yes,Partial,Yes,No,No,No,Partial,No,No,No,No,
A Deep-Q Learning Scheme for Secure Spectrum Allocation and Resource Management in 6G Environment,2022,19324537,10.1109/TNSM.2022.3186725,https://www.scopus.com/inward/record.uri?eid=2-s2.0-85133677664&doi=10.1109%2fTNSM.2022.3186725&partnerID=40&md5=6335806205f5a16598670eef54ee2b4a,Sepctrum Management,Yes,Yes,No,Yes,Yes,No,No,No,No,Yes,Yes,Yes,Partial,No,No,No,Yes,Partial,No,No,No,No,
Cybertwin-driven resource allocation using deep reinforcement learning in 6G-enabled edge environment,2022,13191578,10.1016/j.jksuci.2022.02.005,https://www.scopus.com/inward/record.uri?eid=2-s2.0-85125434300&doi=10.1016%2fj.jksuci.2022.02.005&partnerID=40&md5=5b0203dd8a603bdeee7e662773ae0657,Computing and Edge,Yes,Yes,No,Yes,Yes,No,No,No,No,Yes,Yes,Yes,Yes,No,No,No,Yes,Partial,No,No,No,No,
Evolution Toward 6G Multi-Band Wireless Networks: A Resource Management Perspective,2022,15361284,10.1109/MWC.006.2100536,https://www.scopus.com/inward/record.uri?eid=2-s2.0-85132533042&doi=10.1109%2fMWC.006.2100536&partnerID=40&md5=66e3f9052547bd82c9695a57c8a46c32,Resource and Traffic Management,Yes,Yes,No,Yes,Yes,No,No,No,Yes,Yes,Yes,Yes,Partial,No,No,No,Yes,Partial,No,No,No,No,
Continual Learning Digital Predistortion of RF Power Amplifier for 6G AI-Empowered Wireless Communication,2022,189480,10.1109/TMTT.2022.3210199,https://www.scopus.com/inward/record.uri?eid=2-s2.0-85139820378&doi=10.1109%2fTMTT.2022.3210199&partnerID=40&md5=021d138a599aa150cc25eb12d0468fd6,Channel and Physical Layer,Yes,Yes,Yes,Yes,Yes,No,Yes,No,Yes,Yes,Yes,Yes,Partial,Yes,No,No,Yes,Partial,No,No,No,No,
Toward Energy-Efficient Distributed Federated Learning for 6G Networks,2021,15361284,10.1109/MWC.012.2100153,https://www.scopus.com/inward/record.uri?eid=2-s2.0-85124225962&doi=10.1109%2fMWC.012.2100153&partnerID=40&md5=abf417e18f40f4b57c669cdd5395300b,Energy Efficiency,Yes,Yes,Yes,Partial,Partial,No,No,No,No,Yes,Yes,Partial,Partial,Yes,Yes,No,Yes,Partial,No,No,No,No,
BlockCRN-IoCV: Secure Spectrum Access and Beamforming for Defense Against Attacks in mmWave Massive MIMO CRN in 6G Internet of Connected Vehicles,2022,21693536,10.1109/ACCESS.2022.3187745,https://www.scopus.com/inward/record.uri?eid=2-s2.0-85133791513&doi=10.1109%2fACCESS.2022.3187745&partnerID=40&md5=33b5d57688d10a3b5db8c57b58c6d14e,Security and Privacy,Yes,Yes,No,Partial,Yes,No,No,No,No,Yes,Yes,Yes,Yes,No,No,No,Yes,No,No,No,No,No,
Collaborative Machine Learning for Energy-Efficient Edge Networks in 6G,2021,8908044,10.1109/MNET.100.2100313,https://www.scopus.com/inward/record.uri?eid=2-s2.0-85124142355&doi=10.1109%2fMNET.100.2100313&partnerID=40&md5=2b96dd20a6cf3041aed807d07f23d204,Energy Efficiency,Yes,Yes,No,Yes,Yes,No,No,No,No,Yes,Yes,No,Yes,No,No,No,Yes,No,No,No,No,No,
Energy-efficient resource allocation strategy in massive iot for industrial 6G applications,2021,23274662,10.1109/JIOT.2020.3035608,https://www.scopus.com/inward/record.uri?eid=2-s2.0-85098757956&doi=10.1109%2fJIOT.2020.3035608&partnerID=40&md5=e040c8860dae06f334ad9e709664cf8f,Energy Efficiency,Yes,Yes,No,Partial,Yes,No,No,No,No,Yes,Yes,No,Partial,No,No,No,Yes,Partial,No,No,No,No,
Smart stochastic routing for 6G-enabled massive Internet of Things,2021,1403664,10.1016/j.comcom.2021.09.015,https://www.scopus.com/inward/record.uri?eid=2-s2.0-85116592901&doi=10.1016%2fj.comcom.2021.09.015&partnerID=40&md5=626869a68f978204adb99d8ea1dc0981,Resource and Traffic Management,Yes,Yes,Yes,Yes,Yes,No,Yes,No,Partial,Yes,Yes,Yes,Partial,No,No,No,Yes,Partial,No,No,No,No,
Intelligent Radio Access Network Slicing for Service Provisioning in 6G: A Hierarchical Deep Reinforcement Learning Approach,2021,15580857,10.1109/TCOMM.2021.3090423,https://ieeexplore.ieee.org/stamp/stamp.jsp?arnumber=9459763,Resource and Traffic Management,Yes,Yes,No,Yes,Yes,No,No,No,No,Yes,Yes,Yes,Yes,No,No,No,Yes,No,No,No,No,No,
Zero-Touch AI-Driven Distributed Management for Energy-Efficient 6G Massive Network Slicing,2021,1558156X,10.1109/MNET.111.2100322,https://ieeexplore.ieee.org/stamp/stamp.jsp?arnumber=9687472,Energy Efficiency,Yes,Yes,Yes,Yes,Yes,Yes,Partial,Yes,No,Yes,Yes,No,No,Yes,No,No,Yes,No,No,No,No,No,
Spectrum-Learning-Aided Reconfigurable Intelligent Surfaces for “Green” 6G Networks,2021,1558156X,10.1109/MNET.110.2100301,https://ieeexplore.ieee.org/stamp/stamp.jsp?arnumber=9687460,Energy Efficiency,Yes,Yes,Yes,Yes,Yes,No,No,No,No,Yes,Yes,Yes,Partial,Yes,No,No,Yes,No,No,No,No,No,
AI-Based Resource Provisioning of IoE Services in 6G: A Deep Reinforcement Learning Approach,2021,19324537,10.1109/TNSM.2021.3066625,https://ieeexplore.ieee.org/stamp/stamp.jsp?arnumber=9380677,Computing and Edge,Yes,Yes,Yes,Yes,Yes,Yes,No,Partial,No,Yes,Yes,Yes,Yes,Yes,Yes,No,Yes,Partial,No,No,No,No,
AI-Driven Collaborative Resource Allocation for Task Execution in 6G-Enabled Massive IoT,2021,23274662,10.1109/JIOT.2021.3051031,https://ieeexplore.ieee.org/stamp/stamp.jsp?arnumber=9320578,Resource and Traffic Management,Yes,Yes,No,Partial,Yes,No,No,No,Partial,Yes,Yes,Yes,Partial,No,No,No,Yes,No,No,No,No,No,
Deep Learning for Multi-User Proactive Beam Handoff: A 6G Application,2023,21693536,10.1109/ACCESS.2023.3274810,https://ieeexplore.ieee.org/stamp/stamp.jsp?arnumber=10122528,User Mobility and Positioning,Yes,Yes,Yes,Yes,Yes,Yes,Yes,No,Yes,Yes,Yes,Yes,Yes,No,No,No,Yes,No,No,No,No,Yes,
DL-Based Minimizing Virtual Environment Resource Usage in 6G Cellular Networks,2023,21693536,10.1109/ACCESS.2023.3326842,https://ieeexplore.ieee.org/stamp/stamp.jsp?arnumber=10292647,Resource and Traffic Management,Yes,Yes,Partial,Yes,Yes,Yes,Yes,Partial,Partial,Yes,Yes,No,Partial,No,No,No,Yes,No,No,No,No,No,
6G Network AI Architecture for Everyone-Centric Customized Services,2023,1558156X,10.1109/MNET.124.2200241,https://ieeexplore.ieee.org/stamp/stamp.jsp?arnumber=9839652,Resource and Traffic Management,Yes,Yes,No,Partial,Yes,No,No,Yes,No,Yes,Yes,Partial,No,No,No,No,Yes,No,No,No,No,No,
Energy-Efficient Coverage and Capacity Enhancement With Intelligent UAV-BSs Deployment in 6G Edge Networks,2023,15580016,10.1109/TITS.2022.3198834,https://ieeexplore.ieee.org/stamp/stamp.jsp?arnumber=9868213,Energy Efficiency,Yes,Yes,No,Partial,Yes,No,No,Partial,No,Yes,Yes,No,Partial,No,No,No,Yes,No,No,No,No,No,
HCP: Heterogeneous Computing Platform for Federated Learning Based Collaborative Content Caching Towards 6G Networks,2022,21686750,10.1109/TETC.2020.2986238,https://ieeexplore.ieee.org/stamp/stamp.jsp?arnumber=9060924,Computing and Edge,Yes,Yes,Yes,Yes,Yes,Partial,Yes,Yes,No,Yes,Yes,Yes,Yes,Yes,Yes,Yes,Yes,No,No,No,No,No,
AI-Aided Integrated Terrestrial and Non-Terrestrial 6G Solutions for Sustainable Maritime Networking,2022,1558156X,10.1109/MNET.104.2100351,https://ieeexplore.ieee.org/stamp/stamp.jsp?arnumber=9829372,Energy Efficiency,Yes,Yes,No,Partial,Partial,No,No,No,No,Yes,Partial,Partial,No,No,No,No,Yes,Yes,No,No,No,No,
Proactive and AoI-Aware Failure Recovery for Stateful NFV-Enabled Zero-Touch 6G Networks: Model-Free DRL Approach,2022,19324537,10.1109/TNSM.2021.3113054,https://ieeexplore.ieee.org/stamp/stamp.jsp?arnumber=9539883,Resource and Traffic Management,Yes,Yes,No,Yes,Yes,No,No,No,No,Yes,Yes,Yes,Yes,No,No,No,Yes,No,No,No,Yes,No,
Deep Learning of Transferable MIMO Channel Modes for 6G V2X Communications,2022,15582221,10.1109/TAP.2022.3169950,https://ieeexplore.ieee.org/stamp/stamp.jsp?arnumber=9765739,Channel and Physical Layer,Yes,Yes,Yes,Yes,Yes,Yes,Yes,No,Yes,Yes,Yes,No,Yes,No,Yes,Yes,Yes,No,No,No,No,No,
DRL-Based Low-Latency Content Delivery for 6G Massive Vehicular IoT,2022,23274662,10.1109/JIOT.2021.3064874,https://ieeexplore.ieee.org/stamp/stamp.jsp?arnumber=9373572,Resource and Traffic Management,Yes,Yes,No,Yes,Yes,No,No,No,No,Yes,Yes,Yes,Partial,No,No,No,Yes,No,No,No,No,No,
Low Altitude 3-D Coverage Performance Analysis of Cell-Free RAN for 6G Systems,2023,19399359,10.1109/TVT.2023.3296794,https://ieeexplore.ieee.org/stamp/stamp.jsp?arnumber=10192084,Channel and Physical Layer,Yes,Yes,No,Yes,Yes,No,No,No,Partial,Yes,Yes,No,Partial,No,No,No,Yes,No,No,No,No,No,
An Adaptive Biomimetic Ant Colony Optimization With 6G Integration for IoT Network Communication,2023,21693536,10.1109/ACCESS.2023.3310273,https://ieeexplore.ieee.org/stamp/stamp.jsp?arnumber=10234405,Resource and Traffic Management,Yes,Yes,No,Yes,Yes,No,No,No,No,Yes,Yes,No,Partial,No,No,No,Yes,No,No,No,No,No,
AI-Enabled Network-Functions Virtualization and Software-Defined Architectures for Customized Statistical QoS Over 6G Massive MIMO Mobile Wireless Networks,2023,1558156X,10.1109/MNET.005.2200408,https://ieeexplore.ieee.org/stamp/stamp.jsp?arnumber=10239348,Network Slicing and Management,Yes,Yes,No,Partial,Yes,No,No,No,No,Yes,Yes,No,Partial,No,No,No,Yes,No,No,No,No,No,
Improving Application Support in 6G Networks With CAPOM: Confluence-Aided Process Organization Method,2023,21693536,10.1109/ACCESS.2023.3310808,https://ieeexplore.ieee.org/stamp/stamp.jsp?arnumber=10235956,Computing and Edge,Yes,Yes,No,Partial,Yes,Yes,Yes,No,No,Yes,Yes,Yes,No,No,No,No,Yes,No,No,No,No,No,
Patient-Centric HetNets Powered by Machine Learning and Big Data Analytics for 6G Networks,2020,21693536,10.1109/ACCESS.2020.2992555,https://ieeexplore.ieee.org/stamp/stamp.jsp?arnumber=9086596,Resource and Traffic Management,Yes,Yes,Yes,Yes,Yes,Yes,Yes,No,No,Yes,Yes,Partial,No,Yes,Yes,Yes,Yes,No,No,No,No,No,
Edge Intelligence for IoT Services in 6G Integrated Terrestrial and Non-Terrestrial Networks,2024,1558156X,10.1109/MNET.2024.3384389,https://ieeexplore.ieee.org/stamp/stamp.jsp?arnumber=10494748,Computing and Edge,Yes,Partial,No,Partial,Yes,No,No,No,No,Yes,Yes,Partial,No,No,No,No,Yes,No,No,No,No,No,
GainNet: Coordinates the Odd Couple of Generative AI and 6G Networks,2024,1558156X,10.1109/MNET.2024.3418671,https://ieeexplore.ieee.org/stamp/stamp.jsp?arnumber=10570229,Computing and Edge,Yes,Yes,Partial,Yes,Yes,Partial,Yes,No,No,Yes,Yes,No,No,Yes,Yes,No,Yes,Partial,No,No,No,No,
Toward Intelligent and Adaptive Task Scheduling for 6G: An Intent-Driven Framework,2024,23327731,10.1109/TCCN.2024.3391318,https://ieeexplore.ieee.org/stamp/stamp.jsp?arnumber=10505907,Computing and Edge,Yes,Yes,No,Yes,Yes,No,No,No,Partial,Yes,Yes,Yes,Yes,No,No,No,Yes,No,No,No,No,No,
FBMP-IDS: FL-Based Blockchain-Powered Lightweight MPC-Secured IDS for 6G Networks,2024,21693536,10.1109/ACCESS.2024.3435920,https://ieeexplore.ieee.org/stamp/stamp.jsp?arnumber=10614597,Security and Privacy,Yes,Yes,Yes,Yes,Yes,No,Yes,No,No,Yes,Yes,No,No,Yes,Yes,Yes,Yes,No,No,No,No,No,
Revamping the Resilience and High Availability of 5G Core for 6G Ready Network Slices,2024,19324537,10.1109/TNSM.2023.3348137,https://ieeexplore.ieee.org/stamp/stamp.jsp?arnumber=10376225,Network Slicing and Management,Yes,Yes,Yes,Yes,Yes,No,Yes,No,No,Yes,Yes,Yes,Partial,Yes,Yes,Yes,No,No,No,No,No,No,
Knowledge-Driven Deep Learning Paradigms for Wireless Network Optimization in 6G,2024,1558156X,10.1109/MNET.2024.3352257,https://ieeexplore.ieee.org/stamp/stamp.jsp?arnumber=10387423,Resource and Traffic Management,Yes,Yes,No,Yes,Yes,No,Yes,No,No,Yes,Yes,Yes,Partial,No,No,No,Yes,No,No,No,No,No,
Localization-Oriented Digital Twinning in 6G: A New Indoor-Positioning Paradigm and Proof-of-Concept,2024,15582248,10.1109/TWC.2024.3373034,https://ieeexplore.ieee.org/stamp/stamp.jsp?arnumber=10471311,User Mobility and Positioning,Yes,Yes,Yes,Yes,Yes,Yes,Yes,Yes,No,Yes,Yes,Yes,Yes,Yes,No,Yes,Yes,Partial,No,No,No,No,
Dynamic Fine-Grained SLA Management for 6G eMBB-Plus Slice Using mDNN & Smart Contracts,2024,19391374,10.1109/TSC.2024.3453709,https://ieeexplore.ieee.org/stamp/stamp.jsp?arnumber=10663940,Network Slicing and Management,Yes,Yes,Yes,Yes,Yes,Yes,Yes,No,No,Yes,Yes,Yes,Partial,Yes,Yes,Yes,Yes,Yes,Yes,No,No,No,
Enabling 6G Applications in the Sky: Aeronautical Federation Framework,2024,1558156X,10.1109/MNET.132.2200526,https://ieeexplore.ieee.org/stamp/stamp.jsp?arnumber=10061632,Computing and Edge,Yes,Yes,No,Partial,Yes,No,No,No,No,Yes,Yes,No,No,No,No,No,Yes,No,No,No,No,No,
Network Selection and Resource Allocation for Coexistence of eMBB and URLLC Services in a 6G Multi-Band HetNet,2024,24732400,10.1109/TGCN.2024.3481281,https://ieeexplore.ieee.org/stamp/stamp.jsp?arnumber=10716774,Resource and Traffic Management,Yes,Yes,No,Yes,Yes,No,No,Partial,No,Yes,Yes,No,Yes,No,No,No,Yes,No,No,No,No,No,
Sub-6G Aided Millimeter Wave Hybrid Beamforming: A Two-Stage Deep Learning Framework With Statistical Channel Information,2024,24732400,10.1109/TGCN.2024.3359208,https://ieeexplore.ieee.org/stamp/stamp.jsp?arnumber=10415870,Channel and Physical Layer,Yes,Yes,Yes,Yes,Yes,Partial,Yes,Partial,No,Yes,Yes,Yes,Yes,No,No,No,Yes,No,No,No,No,No,
FAQ: A Fuzzy-Logic-Assisted Q-Learning Model for Resource Allocation in 6G V2X,2024,23274662,10.1109/JIOT.2023.3294279,https://ieeexplore.ieee.org/stamp/stamp.jsp?arnumber=10184194,Resource and Traffic Management,Yes,Yes,No,Yes,Yes,No,No,No,No,Yes,Yes,Yes,Partial,No,No,No,Yes,No,No,No,No,No,
Multi-Agent DRL-Based Consensus Mechanism for Blockchain-Based Collaborative Computing in UAV-Assisted 6G Networks,2024,23274662,10.1109/JIOT.2024.3484005,https://ieeexplore.ieee.org/stamp/stamp.jsp?arnumber=10726599,Security and Privacy,Yes,Yes,No,Partial,Yes,Partial,No,No,No,Yes,Yes,Yes,Yes,No,No,No,Yes,No,No,No,No,No,
FedShip: Federated Over-the-Air Learning for Communication-Efficient and Privacy-Aware Smart Shipping in 6G Communications,2024,15580016,10.1109/TITS.2024.3468383,https://ieeexplore.ieee.org/stamp/stamp.jsp?arnumber=10707001,Security and Privacy,Yes,Yes,Yes,Yes,Yes,Partial,Yes,No,Yes,Yes,Yes,Yes,Yes,Yes,No,No,Yes,No,No,No,No,No,
Electric Semantic Compression-Based 6G Wireless Sensing and Communication Integrated Resource Allocation,2024,23274662,10.1109/JIOT.2024.3444450,https://ieeexplore.ieee.org/stamp/stamp.jsp?arnumber=10677448,Resource and Traffic Management,Yes,Yes,Yes,Yes,Yes,No,No,No,No,Yes,Yes,Yes,Partial,Yes,No,No,Yes,No,No,No,No,No,
Reinforcement Learning Based Resource Management for 6G-Enabled mIoT With Hypergraph Interference Model,2024,15580857,10.1109/TCOMM.2024.3372892,https://ieeexplore.ieee.org/stamp/stamp.jsp?arnumber=10458122,Resource and Traffic Management,Yes,Yes,No,Yes,Yes,Yes,No,No,Yes,Yes,Yes,Yes,Partial,No,No,No,Yes,No,NA,No,No,No,
Big Data Analytics Model Using Artificial Intelligence (AI) and 6G Technologies for Healthcare,2024,21693536,10.1109/ACCESS.2024.3427333,https://ieeexplore.ieee.org/stamp/stamp.jsp?arnumber=10596294,Computing and Edge,Yes,Yes,Yes,Partial,Yes,Yes,Yes,No,No,Yes,Yes,No,Partial,Yes,Yes,No,Yes,No,No,No,No,No,
Toward Bridging the FL Performance-Explainability Tradeoff: A Trustworthy 6G RAN Slicing Use-Case,2024,19399359,10.1109/TVT.2024.3364363,https://ieeexplore.ieee.org/stamp/stamp.jsp?arnumber=10430406,Network Slicing and Management,Yes,Yes,Yes,Yes,Yes,Yes,No,No,No,Yes,Yes,Yes,Partial,No,No,Yes,No,No,No,No,No,No,
Holographic MIMO With Integrated Sensing and Communication for Energy-Efficient Cell-Free 6G Networks,2024,23274662,10.1109/JIOT.2024.3411695,https://ieeexplore.ieee.org/stamp/stamp.jsp?arnumber=10552365,Energy Efficiency,Yes,Yes,Yes,Yes,Yes,No,No,No,No,Yes,Yes,No,Partial,No,Yes,No,Yes,No,No,No,No,No,
Efficient End–Edge–Cloud Task Offloading in 6G Networks Based on Multiagent Deep Reinforcement Learning,2024,23274662,10.1109/JIOT.2024.3372614,https://ieeexplore.ieee.org/stamp/stamp.jsp?arnumber=10477307,Computing and Edge,Yes,Yes,No,Yes,Yes,Yes,No,No,Yes,Yes,Yes,Partial,Yes,No,No,No,Yes,No,No,No,No,No,
AI-Enhanced Quantum-Secured IoT Communication Framework for 6G Cognitive Radio Networks,2024,21693536,10.1109/ACCESS.2024.3471711,https://ieeexplore.ieee.org/stamp/stamp.jsp?arnumber=10701274,Security and Privacy,Yes,Yes,No,Yes,Yes,No,No,No,No,Yes,Yes,No,No,No,No,No,Yes,No,No,No,No,No,
Reliability-Guaranteed Uplink Resource Management in Proactive Mobile Network for Minimal Latency Communications,2023,15361276,10.1109/TWC.2022.3231319,http://doi.org/10.1109/TWC.2022.3231319,Resource and Traffic Management,Yes,Yes,No,Yes,Yes,Yes,No,No,No,Yes,Yes,Yes,Partial,No,No,No,Yes,No,No,No,No,No,
"Deep Reinforcement Learning-Based Resource Allocation for Integrated Sensing, Communication, and Computation in Vehicular Network",2024,15361276,10.1109/TWC.2024.3470873,http://doi.org/10.1109/TWC.2024.3470873,Resource and Traffic Management,Yes,Yes,No,Yes,Yes,Yes,No,No,No,Yes,Yes,Partial,Partial,No,No,No,Yes,No,No,No,No,No,
Federation based joint client and server side Machine Learning for 5G and Wireless Channel Estimation,2022,13891286,10.1016/j.comnet.2022.108902,http://doi.org/10.1016/j.comnet.2022.108902,Channel and Physical Layer,Yes,Yes,Yes,Yes,Yes,No,Yes,No,Partial,Yes,Yes,No,Yes,Yes,Yes,Yes,Yes,No,No,No,No,No,
A Safe Deep Reinforcement Learning Approach for Energy Efficient Federated Learning in Wireless Communication Networks,2024,24732400,10.1109/TGCN.2024.3372695,http://doi.org/10.1109/TGCN.2024.3372695,Energy Efficiency,Yes,Yes,No,Yes,Yes,Yes,No,No,No,Yes,Yes,Partial,Yes,No,No,No,Yes,No,No,No,No,No,
Computation Offloading and Resource Allocation in MEC-Enabled Integrated Aerial-Terrestrial Vehicular Networks: A Reinforcement Learning Approach,2022,15249050,10.1109/TITS.2022.3179987,http://doi.org/10.1109/TITS.2022.3179987,Computing and Edge,Yes,Yes,No,Yes,Yes,Yes,No,Partial,No,Yes,Yes,Yes,Yes,No,No,No,Yes,No,No,No,No,No,
Quantum Neural Networks for Resource Allocation in Wireless Communications,2022,15361276,10.1109/TWC.2021.3102139,http://doi.org/10.1109/TWC.2021.3102139,Resource and Traffic Management,Yes,Yes,No,Yes,Yes,No,Yes,No,No,Yes,Yes,Partial,Partial,No,No,No,Yes,No,No,No,No,No,
Reinforcement Learning Assisted Bandwidth Aware Virtual Network Resource Allocation,2022,19324537,10.1109/TNSM.2022.3199471,http://doi.org/10.1109/TNSM.2022.3199471,Resource and Traffic Management,Yes,Yes,Yes,Yes,Yes,Yes,Yes,No,No,Yes,Yes,Yes,Yes,No,No,Yes,Yes,No,No,No,No,No,
Standing on the Shoulders of Giants: Cross-Slice Federated Meta Learning for Resource Orchestration to Cold-Start Slice,2023,10636692,10.1109/TNET.2022.3200853,http://doi.org/10.1109/TNET.2022.3200853,Network Slicing and Management,Yes,Yes,Yes,Yes,Yes,No,Yes,No,No,Yes,Yes,Partial,Yes,No,No,No,Yes,No,No,No,No,No,
A Model-Driven Deep Learning Algorithm for Joint Activity Detection and Channel Estimation,2020,10897798,10.1109/LCOMM.2020.3011571,http://doi.org/10.1109/LCOMM.2020.3011571,Channel and Physical Layer,Yes,Yes,No,Yes,Yes,No,Yes,No,No,Yes,Yes,Partial,Yes,No,No,No,Yes,No,No,No,No,No,
Machine Learning Enables Radio Resource Allocation in the Downlink of Ultra-Low Latency Vehicular Networks,2022,21693536,10.1109/ACCESS.2022.3168986,http://doi.org/10.1109/ACCESS.2022.3168986,Resource and Traffic Management,Yes,Yes,No,Yes,Yes,Yes,No,No,No,Yes,Yes,Yes,Yes,No,No,No,Yes,No,No,No,No,No,
Slicing a FANET for heterogeneous delay-constrained applications,2022,1403664,10.1016/j.comcom.2022.08.024,http://doi.org/10.1016/j.comcom.2022.08.024,Network Slicing and Management,Yes,Yes,Yes,Yes,Yes,Yes,Yes,No,No,Yes,Yes,Partial,Yes,Yes,No,No,Yes,No,No,No,No,No,
Data-Assisted Radio Resource Allocation in Shared Spectrum Multi-RAT Heterogeneous Network,2024,21693536,10.1109/ACCESS.2024.3464372,http://doi.org/10.1109/ACCESS.2024.3464372,Sepctrum Management,Yes,Yes,Yes,Yes,Yes,Yes,Yes,No,No,Yes,Yes,Partial,No,Yes,No,No,Yes,No,No,No,No,No,
On Joint Offloading and Resource Allocation: A Double Deep Q-Network Approach,2021,23327731,10.1109/TCCN.2021.3116251,http://doi.org/10.1109/TCCN.2021.3116251,Computing and Edge,Yes,Yes,No,Yes,Yes,Yes,No,No,Yes,Yes,Yes,Yes,Yes,No,No,No,Yes,Partial,NA,No,No,No,
A novel approach for flow analysis in software-based networks using L-moments theory,2023,1403664,10.1016/j.comcom.2023.01.022,http://doi.org/10.1016/j.comcom.2023.01.022,Security and Privacy,Yes,Yes,Yes,Yes,Yes,Yes,Yes,No,Yes,Yes,Yes,No,Partial,Yes,Yes,No,Yes,No,NA,No,No,No,
Extensive Edge Intelligence for Future Vehicular Networks in 6G,2021,15361284,10.1109/MWC.001.2000393,http://doi.org/10.1109/MWC.001.2000393,Computing and Edge,Yes,Yes,Yes,Yes,Yes,Yes,Yes,No,No,Yes,Yes,Partial,Yes,Yes,Yes,No,Yes,No,NA,No,No,No,
Joint Network Control and Resource Allocation for Space-Terrestrial Integrated Network Through Hierarchal Deep Actor-Critic Reinforcement Learning,2021,189545,10.1109/TVT.2021.3071983,http://doi.org/10.1109/TVT.2021.3071983,Resource and Traffic Management,Yes,Yes,No,Yes,Yes,Yes,No,No,No,Yes,Yes,Partial,Yes,No,No,No,Yes,No,No,No,No,No,
Deep Reinforcement Learning Empowered Resource Allocation in Vehicular Fog Computing,2024,189545,10.1109/TVT.2023.3338578,http://doi.org/10.1109/TVT.2023.3338578,Computing and Edge,Yes,Yes,Yes,Yes,Yes,Yes,Yes,Partial,Partial,Yes,Yes,Partial,Yes,Yes,No,No,Yes,No,No,No,No,No,
Minimizing Energy Consumption in MU-MIMO via Antenna Muting by Neural Networks With Asymmetric Loss,2024,189545,10.1109/TVT.2023.3339340,http://doi.org/10.1109/TVT.2023.3339340,Energy Efficiency,Yes,Yes,No,Yes,Yes,Yes,Yes,No,No,Yes,Yes,Yes,Yes,No,No,No,Yes,No,No,No,No,No,
Scalable Spatial and Geometric Learning Approach for Joint Power Control and Channel Allocation,2024,15361276,10.1109/TWC.2024.3449036,http://doi.org/10.1109/TWC.2024.3449036,Sepctrum Management,Yes,Yes,No,Yes,Yes,No,No,No,Partial,Yes,Yes,Yes,Yes,No,No,No,Yes,No,No,No,No,No,
Smart Zero-Touch Management of UAV-Based Edge Network,2022,19324537,10.1109/TNSM.2022.3160858,http://doi.org/10.1109/TNSM.2022.3160858,Computing and Edge,Yes,Yes,No,Yes,Yes,Yes,No,No,Partial,Yes,Yes,Partial,Yes,No,No,No,No,No,No,No,No,No,
Resource Allocation in THz-NOMA-Enabled HAP Systems: A Deep Reinforcement Learning Approach,2024,983063,10.1109/TCE.2024.3420718,http://doi.org/10.1109/TCE.2024.3420718,Sepctrum Management,Yes,Yes,No,Yes,Yes,Yes,No,No,Partial,Yes,Yes,Yes,Yes,No,No,No,No,No,No,No,No,No,
Cloud-Edge Collaborative Resource Allocation for Blockchain-Enabled Internet of Things: A Collective Reinforcement Learning Approach,2022,23274662,10.1109/JIOT.2022.3185289,http://doi.org/10.1109/JIOT.2022.3185289,Computing and Edge,Yes,Yes,No,Yes,Yes,No,No,No,Partial,Yes,Yes,Yes,Yes,No,No,No,Yes,Partial,No,No,No,No,
Physical-Layer Security Enhancement in Energy-Harvesting-Based Cognitive Internet of Things: A GAN-Powered Deep Reinforcement Learning Approach,2024,23274662,10.1109/JIOT.2023.3300770,http://doi.org/10.1109/JIOT.2023.3300770,Security and Privacy,Yes,Yes,No,Yes,Yes,Yes,No,No,No,Yes,Yes,Partial,Yes,No,No,No,Yes,Partial,NA,No,No,No,
Event-Triggered Reinforcement Learning Based Joint Resource Allocation for Ultra-Reliable Low-Latency V2X Communications,2024,189545,10.1109/TVT.2024.3424398,http://doi.org/10.1109/TVT.2024.3424398,Resource and Traffic Management,Yes,Yes,No,Yes,Yes,Yes,No,No,No,Yes,Yes,Yes,Yes,No,No,No,Yes,No,No,No,No,No,
A Study on Deep Learning for Latency Constraint Applications in Beyond 5G Wireless Systems,2020,21693536,10.1109/ACCESS.2020.3040133,http://doi.org/10.1109/ACCESS.2020.3040133,Resource and Traffic Management,Yes,Yes,Partial,Yes,Yes,Yes,Yes,Partial,Partial,Yes,Yes,Yes,Yes,No,No,No,Yes,Partial,No,No,No,No,
Handover Protocol Learning for LEO Satellite Networks: Access Delay and Collision Minimization,2024,15361276,10.1109/TWC.2023.3342975,http://doi.org/10.1109/TWC.2023.3342975,Resource and Traffic Management,Yes,Yes,No,Yes,Yes,No,No,No,Partial,Yes,Yes,Yes,Partial,No,No,No,Yes,Partial,NA,No,No,No,
Joint Channel Estimation and Data Rate Maximization for Intelligent Reflecting Surface Assisted Terahertz MIMO Communication Systems,2020,21693536,10.1109/ACCESS.2020.2994100,http://doi.org/10.1109/ACCESS.2020.2994100,Channel and Physical Layer,Yes,Yes,No,Partial,Yes,Yes,No,No,No,Yes,Yes,Partial,Partial,No,No,No,Yes,No,No,No,No,No,
H-HOME: A learning framework of federated FANETs to provide edge computing to future delay-constrained IoT systems,2022,13891286,10.1016/j.comnet.2022.109449,http://doi.org/10.1016/j.comnet.2022.109449,Computing and Edge,Yes,Yes,Partial,Yes,Yes,No,No,Partial,No,Yes,Yes,Yes,Partial,No,No,No,Yes,No,No,No,No,No,
Machine Learning Codebook Design for Initial Access and CSI Type-II Feedback in Sub-6-GHz 5G NR,2024,15361276,10.1109/TWC.2023.3331313,http://doi.org/10.1109/TWC.2023.3331313,Channel and Physical Layer,Yes,Yes,No,Yes,Yes,Yes,No,No,No,Yes,Yes,Yes,No,No,No,No,Yes,No,No,No,No,No,
An NN-Aided Near-and-Far-Field Classifier via Channel Hankelization in XL-MIMO Systems,2024,21693536,10.1109/ACCESS.2024.3356586,http://doi.org/10.1109/ACCESS.2024.3356586,Channel and Physical Layer,Yes,Yes,Yes,Yes,Yes,Yes,Yes,No,No,Yes,Yes,Yes,Partial,No,No,No,Yes,No,NA,No,No,No,
Leader Selection and Follower Association for UE-Centric Distributed Learning in Future Wireless Networks,2024,21693536,10.1109/ACCESS.2024.3482260,http://doi.org/10.1109/ACCESS.2024.3482260,Resource and Traffic Management,Yes,Yes,No,Yes,Yes,No,No,Yes,No,Yes,Yes,Yes,No,No,No,No,No,No,NA,No,No,No,
Multiagent Federated Deep-Reinforcemen Learning-Enabled Resource Allocation for an Air-Ground-Integrated Internet of Vehicles Network,2023,10897801,10.1109/MIC.2023.3307431,http://doi.org/10.1109/MIC.2023.3307431,Resource and Traffic Management,Yes,Yes,No,Yes,Yes,No,No,Partial,Yes,Yes,Yes,Yes,Yes,No,No,No,Yes,No,NA,No,No,No,
Toward ML-Based Energy-Efficient Mechanism for 6G Enabled Industrial Network in Box Systems,2021,15513203,10.1109/TII.2020.3026663,http://doi.org/10.1109/TII.2020.3026663,Energy Efficiency,Yes,Yes,Yes,Yes,Yes,No,No,No,No,Yes,Yes,Yes,No,Yes,Yes,No,No,No,NA,NA,No,No,
Asynchronous FDRL-Based Low-Latency Computation Offloading for Integrated Terrestrial and Non-Terrestrial Power IoT,2023,8908044,10.1109/MNET.2023.3320894,http://doi.org/10.1109/MNET.2023.3320894,Computing and Edge,Yes,Yes,No,Yes,Yes,Yes,No,No,No,Yes,Yes,Yes,No,No,No,No,Yes,No,NA,No,No,No,
